name,userId
"""Omar Huffman""","""1"""
"""Mr. Jason Love""","""2"""
"""Angela Thompson""","""3"""
"""Jessica Sherman""","""4"""
"""Oscar Harmon""","""5"""
"""Jessica Wilson""","""6"""
"""Kyle Bailey""","""7"""
"""John Henderson""","""8"""
"""Tracey Irwin""","""9"""
"""Margaret Allen""","""10"""
"""Stacy Grant""","""11"""
"""Kim Brooks""","""12"""
"""Nicholas Bolton""","""13"""
"""Laurie Kirk""","""14"""
"""Angela Garcia""","""15"""
"""Wayne Smith""","""16"""
"""Dylan Robinson""","""17"""
"""Katie Brown""","""18"""
"""Misty Williams""","""19"""
"""Nicole Ramsey""","""20"""
"""William Smith""","""21"""
"""Anthony Espinoza""","""22"""
"""Julia Compton""","""23"""
"""Joseph Chambers""","""24"""
"""Jennifer Cohen""","""25"""
"""Theodore Barnett""","""26"""
"""Frank Davis""","""27"""
"""Michael Stone""","""28"""
"""Kathleen Schroeder""","""29"""
"""Aaron Castro""","""30"""
"""Andrew Willis""","""31"""
"""Angela Carr""","""32"""
"""Cynthia Owens""","""33"""
"""Courtney Salinas""","""34"""
"""Sierra Thomas""","""35"""
"""Cody Lopez""","""36"""
"""Kevin Hill""","""37"""
"""Michelle Harris""","""38"""
"""James Nunez""","""39"""
"""Cynthia Wilkerson""","""40"""
"""Rhonda Simon MD""","""41"""
"""Todd Gonzalez""","""42"""
"""Russell Price""","""43"""
"""Shelley Booth""","""44"""
"""Ashley Lloyd""","""45"""
"""Jennifer Allen""","""46"""
"""Randall Bray""","""47"""
"""Gabriel Davila""","""48"""
"""Michael Williamson""","""49"""
"""Robin Smith""","""50"""
"""Bradley Cooper""","""51"""
"""Erika Pearson""","""52"""
"""Patricia Johnson""","""53"""
"""Linda Whitaker""","""54"""
"""Daniel Martin""","""55"""
"""Dr. Angela Johnson""","""56"""
"""David Armstrong""","""57"""
"""Michael Hill""","""58"""
"""Evelyn Dixon""","""59"""
"""Joshua Robinson""","""60"""
"""Michael Arnold""","""61"""
"""John Wiggins""","""62"""
"""Seth Robertson""","""63"""
"""Stephen Rogers""","""64"""
"""Patricia Matthews""","""65"""
"""Jennifer Norton""","""66"""
"""Maria Washington""","""67"""
"""Jordan Brown""","""68"""
"""Traci Wiggins""","""69"""
"""Sarah Jimenez""","""70"""
"""Andre Stark""","""71"""
"""Michael Simmons""","""72"""
"""Angela Robertson""","""73"""
"""Christopher Hooper""","""74"""
"""Kim Williams""","""75"""
"""Valerie Jackson""","""76"""
"""Amy Fischer""","""77"""
"""Jonathan Obrien""","""78"""
"""Hannah Armstrong""","""79"""
"""Edwin Romero""","""80"""
"""Erin Jensen""","""81"""
"""Brian Smith""","""82"""
"""Jason Thornton""","""83"""
"""Daniel Lester""","""84"""
"""Emma James""","""85"""
"""Luke Myers""","""86"""
"""Cody Schmidt""","""87"""
"""Scott Freeman""","""88"""
"""Kelly Marquez""","""89"""
"""Johnny Malone""","""90"""
"""Michael Johnson""","""91"""
"""Tiffany Patterson""","""92"""
"""Laura Hernandez""","""93"""
"""Anita Matthews""","""94"""
"""Kevin Sexton""","""95"""
"""Randy Blake""","""96"""
"""Lacey Madden""","""97"""
"""Tammy Martinez""","""98"""
"""David Dominguez""","""99"""
"""April Martin""","""100"""
"""Cynthia Garcia""","""101"""
"""Crystal Lane""","""102"""
"""Kendra Hoover""","""103"""
"""Sabrina Ware""","""104"""
"""Clinton Spencer""","""105"""
"""Kelli Carney""","""106"""
"""Lisa James""","""107"""
"""Theodore Landry""","""108"""
"""Paula Andersen""","""109"""
"""Steven Wong""","""110"""
"""Steven Rich""","""111"""
"""Jon Small""","""112"""
"""Veronica Hall""","""113"""
"""Roy Sweeney""","""114"""
"""Amanda Palmer""","""115"""
"""Miss Alexandria Johnson DDS""","""116"""
"""Robin Pierce""","""117"""
"""George James""","""118"""
"""Billy Johnson""","""119"""
"""Kevin Lee""","""120"""
"""Erika Sanchez""","""121"""
"""Ryan Smith""","""122"""
"""Elizabeth Gonzalez""","""123"""
"""Taylor Moreno""","""124"""
"""Thomas Avila""","""125"""
"""Victoria Schmitt""","""126"""
"""Jason Pierce""","""127"""
"""Jessica Leblanc""","""128"""
"""Valerie Rose""","""129"""
"""Cheryl Sanders""","""130"""
"""Tanya Singleton""","""131"""
"""Elizabeth Anderson""","""132"""
"""Sarah Martinez""","""133"""
"""Linda Mccoy""","""134"""
"""Brian Weber""","""135"""
"""Nicholas Dean""","""136"""
"""Nicholas Rodriguez""","""137"""
"""Brandi Hernandez""","""138"""
"""Samantha Phillips""","""139"""
"""Walter Riddle""","""140"""
"""Jeffrey Myers""","""141"""
"""Crystal Strong""","""142"""
"""Alyssa King""","""143"""
"""Christopher Sanders""","""144"""
"""Gary Tucker""","""145"""
"""Michael Gibbs""","""146"""
"""Troy Wright""","""147"""
"""Joshua Hunter""","""148"""
"""John Swanson""","""149"""
"""Benjamin Ward""","""150"""
"""Aaron Nelson""","""151"""
"""Kendra Harris""","""152"""
"""Hannah Garcia""","""153"""
"""John Miller""","""154"""
"""Sean Mendez""","""155"""
"""Michelle Duarte""","""156"""
"""Lisa Miller""","""157"""
"""Gabriel Graham""","""158"""
"""Jonathan Booker""","""159"""
"""Jessica Herring""","""160"""
"""Emily Smith""","""161"""
"""Christopher Thomas""","""162"""
"""Tanya Gutierrez""","""163"""
"""Ruth Patterson""","""164"""
"""Jerry Robinson""","""165"""
"""Jake Mathews""","""166"""
"""Hunter Stanley""","""167"""
"""Kristina Foster""","""168"""
"""Jason Murphy""","""169"""
"""Maria Taylor""","""170"""
"""Breanna Merritt""","""171"""
"""Ian Hurley""","""172"""
"""Joseph Robinson""","""173"""
"""Theodore Wagner""","""174"""
"""Pamela Yates""","""175"""
"""Nicholas Burke""","""176"""
"""Seth Garrison""","""177"""
"""Michelle Cooper""","""178"""
"""James Nelson""","""179"""
"""Joshua Hansen""","""180"""
"""Donna Ayala""","""181"""
"""Edwin Rodriguez""","""182"""
"""Victor Reynolds""","""183"""
"""Sean Morris""","""184"""
"""Louis Arnold""","""185"""
"""Jay Luna""","""186"""
"""Ryan Keith""","""187"""
"""Craig Smith""","""188"""
"""Taylor Young""","""189"""
"""David Cox""","""190"""
"""Veronica Taylor""","""191"""
"""Katherine Melendez""","""192"""
"""Jamie Evans""","""193"""
"""James Carter""","""194"""
"""James Smith""","""195"""
"""Amber Carson""","""196"""
"""Brandon Brown""","""197"""
"""Rachel Williams""","""198"""
"""Elizabeth Powell""","""199"""
"""David Malone""","""200"""
"""Tyler Wolf""","""201"""
"""Teresa Salazar""","""202"""
"""Shelby Joseph""","""203"""
"""Steven Jones""","""204"""
"""Amanda Allison""","""205"""
"""Kristin Rodriguez""","""206"""
"""Patrick Hutchinson""","""207"""
"""Stephen Crawford""","""208"""
"""Alison Cooper""","""209"""
"""Michael Watson""","""210"""
"""Christian Ramirez""","""211"""
"""Aaron Jackson""","""212"""
"""Diana Bentley""","""213"""
"""David Weaver DVM""","""214"""
"""Laurie Williams""","""215"""
"""Dominique Reed""","""216"""
"""Jennifer Garcia""","""217"""
"""Amy Shelton""","""218"""
"""Christopher Perry""","""219"""
"""Christina Winters""","""220"""
"""Colin Howe""","""221"""
"""Stacy Jones""","""222"""
"""Stephanie Porter""","""223"""
"""Nicole Durham""","""224"""
"""David Francis""","""225"""
"""Haley Cummings""","""226"""
"""Jason Dudley""","""227"""
"""Kimberly White""","""228"""
"""Francis Clarke""","""229"""
"""Michael Mendoza""","""230"""
"""Robert Jones""","""231"""
"""Kevin Salazar""","""232"""
"""Michael Brandt""","""233"""
"""Mark Adams""","""234"""
"""Vincent Brown""","""235"""
"""Mrs. Megan Davis""","""236"""
"""Melissa Baker""","""237"""
"""Mr. Kevin Phillips""","""238"""
"""Nicholas Moore""","""239"""
"""Briana Lara""","""240"""
"""Steven Morris""","""241"""
"""Lori Cooper""","""242"""
"""Kelsey White""","""243"""
"""Jessica Hall""","""244"""
"""David Hahn""","""245"""
"""Joseph Hartman DDS""","""246"""
"""Eileen Newton""","""247"""
"""Matthew Harris""","""248"""
"""Christina Hardy""","""249"""
"""Alexis Peck""","""250"""
"""Andrew Freeman""","""251"""
"""John Thomas""","""252"""
"""Amber Pennington""","""253"""
"""George Mcmillan""","""254"""
"""Alexis Lopez""","""255"""
"""Roy Johnson""","""256"""
"""Scott Jones""","""257"""
"""Dr. Michael Wright""","""258"""
"""Vincent Ellis""","""259"""
"""Stephanie Olson""","""260"""
"""Blake Bennett""","""261"""
"""Ashley Smith""","""262"""
"""Bill Stanley""","""263"""
"""Matthew Dudley""","""264"""
"""Martha Dixon""","""265"""
"""Cathy Koch""","""266"""
"""Sarah Cox""","""267"""
"""Lori Hernandez""","""268"""
"""Patrick Grant""","""269"""
"""Holly Miller""","""270"""
"""Charles Adams""","""271"""
"""Tyler Henderson""","""272"""
"""David Martinez""","""273"""
"""Christopher Hudson""","""274"""
"""Paula Sanders""","""275"""
"""Frances Smith""","""276"""
"""Peggy Hahn""","""277"""
"""Tina Walton""","""278"""
"""Robert Davis""","""279"""
"""Kristen Williams""","""280"""
"""Charles Banks""","""281"""
"""James Pena""","""282"""
"""William Russell""","""283"""
"""Angela Watson""","""284"""
"""Ronald Kirk""","""285"""
"""Andrew White""","""286"""
"""Donald Guerrero""","""287"""
"""Rachel Kennedy""","""288"""
"""Rebekah Rios""","""289"""
"""James Thomas""","""290"""
"""Ian Brewer""","""291"""
"""George Chung""","""292"""
"""Cassandra Rose""","""293"""
"""Julie Nunez""","""294"""
"""Madison Oconnor""","""295"""
"""Cody Chavez""","""296"""
"""Marilyn Johnson""","""297"""
"""Erica Sullivan""","""298"""
"""John Marshall""","""299"""
"""Jenna Harrell""","""300"""
"""Alexis Mendez""","""301"""
"""Laura Snow""","""302"""
"""Melissa Howard""","""303"""
"""Leslie Benson""","""304"""
"""Justin Perez""","""305"""
"""Melissa Carr""","""306"""
"""Phillip Benjamin""","""307"""
"""Samantha Clarke""","""308"""
"""Jennifer Myers""","""309"""
"""Jenna Diaz""","""310"""
"""Marissa Choi""","""311"""
"""Troy Mitchell""","""312"""
"""Deborah Hardy""","""313"""
"""Shawn Williams""","""314"""
"""Blake Cooper""","""315"""
"""Bryan Brown""","""316"""
"""Cassidy Arnold""","""317"""
"""James Patterson""","""318"""
"""Nathan Hall""","""319"""
"""David Martin""","""320"""
"""Mikayla Morgan""","""321"""
"""Richard Brown""","""322"""
"""Rebecca Dominguez""","""323"""
"""Manuel Morris""","""324"""
"""Tony Nunez""","""325"""
"""Alicia Cortez""","""326"""
"""Colleen Ford""","""327"""
"""Angela Mcintosh""","""328"""
"""Brittany Fox""","""329"""
"""Mr. Douglas Aguirre""","""330"""
"""Alicia Morris""","""331"""
"""Felicia Wolf""","""332"""
"""Tiffany Archer""","""333"""
"""Amanda Weber""","""334"""
"""Kimberly Lopez""","""335"""
"""James Finley""","""336"""
"""Lisa Atkinson""","""337"""
"""Michelle Wolf""","""338"""
"""Hannah Bishop""","""339"""
"""Timothy Carlson""","""340"""
"""Brian Townsend""","""341"""
"""Clayton Lopez""","""342"""
"""Diana Weaver""","""343"""
"""Alyssa Keller""","""344"""
"""Michelle Nelson""","""345"""
"""Ronald Jimenez""","""346"""
"""Jasmine Garcia""","""347"""
"""Steven Brown""","""348"""
"""Louis Sampson""","""349"""
"""Samuel Nguyen""","""350"""
"""Tiffany Duarte""","""351"""
"""Ricardo Flores""","""352"""
"""Melanie Mcfarland""","""353"""
"""Jeffrey Lin""","""354"""
"""Carrie Parker""","""355"""
"""Douglas Parsons""","""356"""
"""Daniel Harrington""","""357"""
"""Cody Johnson""","""358"""
"""Dennis Kirk""","""359"""
"""Ann Flores""","""360"""
"""Carolyn Velasquez""","""361"""
"""Kayla Simpson""","""362"""
"""Michael Branch""","""363"""
"""Tiffany Perez""","""364"""
"""Susan Simmons""","""365"""
"""Autumn Valenzuela""","""366"""
"""Christina Miles""","""367"""
"""Kelly Delgado""","""368"""
"""Katie Collins""","""369"""
"""Charlene Rodriguez""","""370"""
"""Catherine Young""","""371"""
"""Lindsey Green""","""372"""
"""Stephen Harris""","""373"""
"""John Torres""","""374"""
"""Derek Pena""","""375"""
"""Ashley Wilson""","""376"""
"""Elizabeth Sanchez""","""377"""
"""Mark Haas""","""378"""
"""Thomas Johnson""","""379"""
"""Thomas Swanson""","""380"""
"""Justin Garcia""","""381"""
"""Adam Williams""","""382"""
"""Carrie Clark""","""383"""
"""Heather Scott""","""384"""
"""Elizabeth Cantu""","""385"""
"""Angela Watkins""","""386"""
"""James Whitehead""","""387"""
"""Mr. John Johns""","""388"""
"""Cynthia Freeman""","""389"""
"""Travis Garcia""","""390"""
"""Katie Logan""","""391"""
"""Sara Snyder""","""392"""
"""Susan Burnett""","""393"""
"""Christopher Gutierrez""","""394"""
"""Julia Shaffer""","""395"""
"""Jared Harrison""","""396"""
"""Leslie Reeves""","""397"""
"""Heather Mccoy""","""398"""
"""Hailey Logan""","""399"""
"""Heather Morrison""","""400"""
"""Duane Smith""","""401"""
"""Kenneth Daniels""","""402"""
"""Mrs. Lisa Schultz""","""403"""
"""David Washington""","""404"""
"""Adam Martin""","""405"""
"""Jack King""","""406"""
"""Gloria Nelson""","""407"""
"""Peter Oconnor""","""408"""
"""Keith Howell""","""409"""
"""Zachary Carey""","""410"""
"""Daniel Henry DDS""","""411"""
"""Crystal Martinez""","""412"""
"""Jerry Vaughn""","""413"""
"""Heather Miller""","""414"""
"""Corey Matthews""","""415"""
"""Marisa Wallace""","""416"""
"""Catherine Gonzalez""","""417"""
"""Joseph Harris""","""418"""
"""Julie Hurley""","""419"""
"""Kimberly Edwards""","""420"""
"""Morgan Moore""","""421"""
"""Joseph Williams""","""422"""
"""Gary Turner""","""423"""
"""Taylor Huber""","""424"""
"""Gina Estrada""","""425"""
"""Michael Thomas""","""426"""
"""Jennifer Powell MD""","""427"""
"""Mrs. Deanna Garcia PhD""","""428"""
"""Taylor Byrd""","""429"""
"""Suzanne Avila""","""430"""
"""Manuel Elliott""","""431"""
"""Karen Tran""","""432"""
"""Tanya Mason""","""433"""
"""Heather Brooks""","""434"""
"""Derrick Keith""","""435"""
"""Andrea Lee""","""436"""
"""Alison Patterson""","""437"""
"""Jonathan Lopez""","""438"""
"""David Villarreal""","""439"""
"""Katelyn Morgan""","""440"""
"""Melissa Davis""","""441"""
"""Kim Sutton""","""442"""
"""Lynn Green""","""443"""
"""Sara Ortiz""","""444"""
"""Richard Schmitt""","""445"""
"""Brendan Ford Jr.""","""446"""
"""David Keller""","""447"""
"""Leah Dixon""","""448"""
"""Margaret Nelson""","""449"""
"""Richard Hughes""","""450"""
"""Daniel Armstrong""","""451"""
"""Larry Boyd""","""452"""
"""Lisa Foster""","""453"""
"""Deborah Moore""","""454"""
"""Claudia Parks""","""455"""
"""Craig Harris""","""456"""
"""Teresa Graham""","""457"""
"""Mary Floyd""","""458"""
"""Shari Bentley""","""459"""
"""Kelly Long""","""460"""
"""Thomas Foster""","""461"""
"""Elizabeth Heath""","""462"""
"""Joel Hicks""","""463"""
"""Kevin Sloan""","""464"""
"""Justin Ochoa""","""465"""
"""James Ford""","""466"""
"""Kristin Johnson""","""467"""
"""Rita Owens""","""468"""
"""Paul Mejia""","""469"""
"""Parker Beck""","""470"""
"""Martin Gibson""","""471"""
"""John Herrera""","""472"""
"""Kayla Acosta""","""473"""
"""Robert Jones""","""474"""
"""Blake Lowery""","""475"""
"""David Ellison Jr.""","""476"""
"""Robert Brown""","""477"""
"""Steven Hinton""","""478"""
"""Amber Thompson""","""479"""
"""Tiffany Phillips""","""480"""
"""Kenneth Snyder MD""","""481"""
"""Krystal Kirk""","""482"""
"""Melissa King""","""483"""
"""Alexis Steele MD""","""484"""
"""Linda Massey""","""485"""
"""Linda Brown""","""486"""
"""Jordan Wallace""","""487"""
"""Evan Lawrence""","""488"""
"""David Jordan""","""489"""
"""Cynthia Sparks""","""490"""
"""Ryan Dorsey""","""491"""
"""Sarah Allen DDS""","""492"""
"""Bryce White""","""493"""
"""Maria Allen""","""494"""
"""Brandon Drake""","""495"""
"""Nicolas Bailey""","""496"""
"""Benjamin Wall""","""497"""
"""David Hamilton""","""498"""
"""Michele Garcia""","""499"""
"""Christian Carter""","""500"""
"""Jose Miller""","""501"""
"""Mr. Steven Hernandez""","""502"""
"""Alan Jefferson""","""503"""
"""Anna Daniels""","""504"""
"""Derrick Collier""","""505"""
"""Dana Mills""","""506"""
"""James Francis""","""507"""
"""Melinda Silva""","""508"""
"""Crystal Spencer""","""509"""
"""Jason Scott""","""510"""
"""Jeanette Rodriguez MD""","""511"""
"""Barbara Lindsey""","""512"""
"""Barbara Reilly""","""513"""
"""Joseph Barrera""","""514"""
"""Angela Dominguez""","""515"""
"""Tamara Freeman""","""516"""
"""Arthur Martinez""","""517"""
"""Anthony Cook""","""518"""
"""Meredith Leonard""","""519"""
"""Cheryl Gordon""","""520"""
"""Nicole Coffey""","""521"""
"""Diana Robles""","""522"""
"""Tiffany Alexander""","""523"""
"""Joseph Shaffer""","""524"""
"""William Weber""","""525"""
"""Sarah Torres""","""526"""
"""Anna Meyer""","""527"""
"""Nicholas Martinez""","""528"""
"""Christopher Thomas""","""529"""
"""Laura Obrien""","""530"""
"""Frederick Williamson""","""531"""
"""Mark Blair""","""532"""
"""Antonio Hunter""","""533"""
"""Sandy Jones""","""534"""
"""Joseph Berry""","""535"""
"""Elizabeth Gray""","""536"""
"""George Smith""","""537"""
"""Jennifer Contreras""","""538"""
"""Kimberly Gardner""","""539"""
"""Nicole Johnson""","""540"""
"""Jennifer Lin""","""541"""
"""Dylan Rich""","""542"""
"""Melissa Aguirre""","""543"""
"""Zachary Bowers""","""544"""
"""Victor Brown""","""545"""
"""Susan Rivers""","""546"""
"""Darlene Garcia""","""547"""
"""Paul Fox""","""548"""
"""Brian Campbell""","""549"""
"""Crystal Hunt""","""550"""
"""Mathew Wilson""","""551"""
"""Patricia Cox""","""552"""
"""Carlos Yang""","""553"""
"""Noah Oneill""","""554"""
"""Renee Davis""","""555"""
"""Dylan Bowers""","""556"""
"""Denise Brown""","""557"""
"""James Harris""","""558"""
"""Jessica Meyer""","""559"""
"""Lee Shelton""","""560"""
"""Brooke Wagner MD""","""561"""
"""John Nelson""","""562"""
"""Jonathan Cooper""","""563"""
"""Robert Brooks""","""564"""
"""Veronica Benjamin""","""565"""
"""Timothy Fox""","""566"""
"""Kenneth Pitts""","""567"""
"""Brandy Fowler""","""568"""
"""Cheryl Valenzuela MD""","""569"""
"""Catherine Trujillo""","""570"""
"""Kimberly Long""","""571"""
"""Amanda Pearson""","""572"""
"""Mathew Smith""","""573"""
"""Michelle Robinson""","""574"""
"""Vincent Glass""","""575"""
"""Luis Werner""","""576"""
"""Robert Bush""","""577"""
"""Craig Bowman""","""578"""
"""Terry Holder""","""579"""
"""Jennifer Berry""","""580"""
"""Bradley Jones""","""581"""
"""Mark Ruiz""","""582"""
"""Meghan Shah""","""583"""
"""Robert Gallegos""","""584"""
"""Leslie Brady""","""585"""
"""Patrick Thomas""","""586"""
"""Sue Mason""","""587"""
"""Kelsey Jenkins""","""588"""
"""Debra Sharp""","""589"""
"""Daniel Potts""","""590"""
"""John Schneider""","""591"""
"""Melissa Matthews""","""592"""
"""David Smith""","""593"""
"""Tiffany Montoya""","""594"""
"""Andrea Wilson""","""595"""
"""Miguel Marshall""","""596"""
"""Sara Stewart""","""597"""
"""Terry Mullins""","""598"""
"""Gregory Beard""","""599"""
"""Henry Compton""","""600"""
"""Mia Coleman""","""601"""
"""Samantha Matthews DDS""","""602"""
"""Jackie Bradford""","""603"""
"""Angelica Rodriguez""","""604"""
"""Susan Campbell""","""605"""
"""Madeline Hodge""","""606"""
"""David Farmer""","""607"""
"""Felicia Green""","""608"""
"""Douglas Wright""","""609"""
"""Holly Lopez""","""610"""
"""Joshua Moore""","""611"""
"""Katherine Martin""","""612"""
"""Ashley Roberts""","""613"""
"""James Giles""","""614"""
"""Sierra Chandler""","""615"""
"""Daniel Mcbride""","""616"""
"""Adrienne Miller""","""617"""
"""Leslie Kennedy""","""618"""
"""Lynn Nichols""","""619"""
"""Daniel Michael""","""620"""
"""Dawn Wood""","""621"""
"""Kathleen Cordova""","""622"""
"""Renee Ford""","""623"""
"""Karen Avila""","""624"""
"""Michael Williams""","""625"""
"""Jeffrey Harris""","""626"""
"""Guy Davis""","""627"""
"""Krista Baird""","""628"""
"""Betty Ramos""","""629"""
"""Glenn Mitchell""","""630"""
"""Christopher Chandler""","""631"""
"""Kelly Gomez""","""632"""
"""Pamela Anthony""","""633"""
"""Tanya Johnson""","""634"""
"""Kathleen Jacobs""","""635"""
"""Beverly Mcdonald""","""636"""
"""Robert Wilson""","""637"""
"""Michael Garcia""","""638"""
"""Shelby Silva""","""639"""
"""Deborah Skinner""","""640"""
"""Kimberly Smith""","""641"""
"""Jason Delacruz""","""642"""
"""Mr. John Conrad""","""643"""
"""Jonathan Bowen""","""644"""
"""Kayla Aguirre""","""645"""
"""Joshua Elliott""","""646"""
"""Elizabeth Franklin""","""647"""
"""Matthew Levy""","""648"""
"""Elizabeth Garrison""","""649"""
"""Jeremiah Bell""","""650"""
"""Karen Frazier""","""651"""
"""Rebecca Brown""","""652"""
"""Jonathan Cobb""","""653"""
"""Jesse Bradley""","""654"""
"""Emily Willis""","""655"""
"""Amy Morton""","""656"""
"""Donna Thompson""","""657"""
"""Mrs. Lisa Bradshaw""","""658"""
"""Monica Branch""","""659"""
"""Shawn Davis""","""660"""
"""Melanie Williams""","""661"""
"""Michele Watson""","""662"""
"""Amber Lee""","""663"""
"""Donald Munoz""","""664"""
"""Brittney Stewart""","""665"""
"""Laura Garcia""","""666"""
"""Erika Walsh""","""667"""
"""Katherine Brooks""","""668"""
"""Henry Watkins""","""669"""
"""Sarah Calhoun""","""670"""
"""Michelle Taylor""","""671"""